<?xml version="1.0" encoding="UTF-8" standalone="yes"?>
<addon id="plugin.video.ICI-TeLe-Direct" name="ICI Télé" version="0.1.0" provider-name="Sphinxroot">
<requires>
  <import addon="script.module.routing" version="0.2.3"/>
</requires>
<extension point="xbmc.python.pluginsource" library="resources/lib/addon_entry.py">
  <provides>video</provides>
</extension>
<extension point="xbmc.addon.metadata">
  <summary lang="en_GB">Addiciel vidéo donnant accès aux Stations en direct de tout le réseau ICI Télé .</summary>
  <description lang="en_GB">ICI Radio-Canada Télé (anciennement la Télévision de Radio-Canada) est un réseau de télévision publique canadien de langue française appartenant à la Société Radio-Canada (CBC Television)

Note: cet addiciel est accessibles qu'au Canada seulement
</description>
  <language>en GB</language>
  <platform>all</platform>
  <license>GPL-3.0-only</license>
  <news>
v0.1.0 (2023-12-23)
- Sortie Initiale SPX
  </news>
  <assets>
    <icon>resources/media/icon.png</icon>
    <fanart>resources/media/fanart.jpg</fanart>
  </assets>
  <reuselanguageinvoker>true</reuselanguageinvoker>
</extension>
</addon>
